query,client_ms,timings_ms
)what was the immediate impact of the success of the manhattan project?,93.59,"{""embed"": 63.02, ""retrieve"": 25.39, ""rerank"": null, ""total"": 88.49}"
"_________ justice is designed to repair the harm to victim, the community and the offender caused by the offender criminal act. question 19 options:",134.95,"{""embed"": 81.68, ""retrieve"": 48.43, ""rerank"": null, ""total"": 130.19}"
why did stalin want control of eastern europe,111.05,"{""embed"": 72.55, ""retrieve"": 32.05, ""rerank"": null, ""total"": 104.7}"
why do nails get rusty,135.03,"{""embed"": 67.39, ""retrieve"": 61.44, ""rerank"": null, ""total"": 128.95}"
depona ab,102.24,"{""embed"": 66.99, ""retrieve"": 29.77, ""rerank"": null, ""total"": 96.85}"
nyu tuition cost,116.07,"{""embed"": 71.15, ""retrieve"": 39.58, ""rerank"": null, ""total"": 110.81}"
at what age do kids start to hold memories,117.18,"{""embed"": 66.8, ""retrieve"": 45.27, ""rerank"": null, ""total"": 112.15}"
average teeth brushing time,103.93,"{""embed"": 66.8, ""retrieve"": 30.55, ""rerank"": null, ""total"": 97.43}"
is funner a word?,131.74,"{""embed"": 90.65, ""retrieve"": 35.04, ""rerank"": null, ""total"": 125.79}"
what is ce certified,144.74,"{""embed"": 85.96, ""retrieve"": 52.95, ""rerank"": null, ""total"": 139.02}"
bancfirst customer service number,138.72,"{""embed"": 80.33, ""retrieve"": 52.61, ""rerank"": null, ""total"": 133.04}"
what county is dewitt michigan in?,108.51,"{""embed"": 72.32, ""retrieve"": 31.04, ""rerank"": null, ""total"": 103.45}"
using cpap without prescription,103.26,"{""embed"": 63.82, ""retrieve"": 34.61, ""rerank"": null, ""total"": 98.5}"
what is early bird check in southwest,102.41,"{""embed"": 67.44, ""retrieve"": 29.44, ""rerank"": null, ""total"": 96.97}"
what county is columbus city in,97.08,"{""embed"": 66.67, ""retrieve"": 24.7, ""rerank"": null, ""total"": 91.47}"
social security administration in bellevue wa hours,123.18,"{""embed"": 74.75, ""retrieve"": 42.92, ""rerank"": null, ""total"": 117.76}"
are whiskers on cats used for balance,128.56,"{""embed"": 89.38, ""retrieve"": 33.3, ""rerank"": null, ""total"": 122.76}"
"what county is shelton, ct",135.81,"{""embed"": 98.59, ""retrieve"": 31.41, ""rerank"": null, ""total"": 130.08}"
is the bachelor legal,114.0,"{""embed"": 80.96, ""retrieve"": 27.32, ""rerank"": null, ""total"": 108.37}"
what is BP level j salary,107.96,"{""embed"": 71.94, ""retrieve"": 30.24, ""rerank"": null, ""total"": 102.28}"
what dba mean,113.99,"{""embed"": 66.86, ""retrieve"": 41.38, ""rerank"": null, ""total"": 108.33}"
average cost of assisted living in washington state,121.85,"{""embed"": 89.59, ""retrieve"": 26.92, ""rerank"": null, ""total"": 116.61}"
what disability is copd,102.29,"{""embed"": 60.71, ""retrieve"": 37.09, ""rerank"": null, ""total"": 97.88}"
what is a omurice omelet,133.57,"{""embed"": 69.47, ""retrieve"": 58.42, ""rerank"": null, ""total"": 128.01}"
how much does it cost to change a jeep alternator,112.17,"{""embed"": 77.29, ""retrieve"": 29.29, ""rerank"": null, ""total"": 106.67}"
what does folic acid do,109.51,"{""embed"": 76.36, ""retrieve"": 27.92, ""rerank"": null, ""total"": 104.37}"
what county is seminole fl in,101.98,"{""embed"": 67.28, ""retrieve"": 28.96, ""rerank"": null, ""total"": 96.33}"
average cost dental implant,104.98,"{""embed"": 69.05, ""retrieve"": 30.41, ""rerank"": null, ""total"": 99.55}"
what does granuloma annulare look like,107.3,"{""embed"": 75.54, ""retrieve"": 26.39, ""rerank"": null, ""total"": 102.02}"
the importance of minerals in diet,99.93,"{""embed"": 66.89, ""retrieve"": 28.11, ""rerank"": null, ""total"": 95.09}"
prize money taxable income,105.26,"{""embed"": 62.88, ""retrieve"": 37.43, ""rerank"": null, ""total"": 100.4}"
what county is nine mile in,104.36,"{""embed"": 65.11, ""retrieve"": 34.17, ""rerank"": null, ""total"": 99.36}"
what is a salpingectomies,122.23,"{""embed"": 76.34, ""retrieve"": 40.46, ""rerank"": null, ""total"": 116.91}"
triglycerides what are they,118.44,"{""embed"": 82.44, ""retrieve"": 30.45, ""rerank"": null, ""total"": 112.98}"
what causes resorption of teeth,143.16,"{""embed"": 71.17, ""retrieve"": 66.27, ""rerank"": null, ""total"": 137.55}"
how to transport oxygen tanks,131.05,"{""embed"": 78.08, ""retrieve"": 47.43, ""rerank"": null, ""total"": 125.6}"
is the cheetah an endangered species,99.52,"{""embed"": 68.35, ""retrieve"": 25.94, ""rerank"": null, ""total"": 94.38}"
what is in garcinia cambogia,108.63,"{""embed"": 69.62, ""retrieve"": 33.39, ""rerank"": null, ""total"": 103.11}"
average conservatory cost,129.53,"{""embed"": 65.99, ""retrieve"": 57.98, ""rerank"": null, ""total"": 124.06}"
is the cobb house haunted in vicksburg mississippi,109.29,"{""embed"": 71.54, ""retrieve"": 32.63, ""rerank"": null, ""total"": 104.28}"
what do you put at purpose for partnership agreement,123.05,"{""embed"": 66.16, ""retrieve"": 51.9, ""rerank"": null, ""total"": 118.13}"
medical coding how many days is considered acute?,120.67,"{""embed"": 68.8, ""retrieve"": 46.46, ""rerank"": null, ""total"": 115.34}"
the meaning of reverence,128.11,"{""embed"": 71.86, ""retrieve"": 50.89, ""rerank"": null, ""total"": 122.84}"
thick bronchial secretions causes,113.79,"{""embed"": 76.92, ""retrieve"": 31.48, ""rerank"": null, ""total"": 108.51}"
fisher price i can play keyboard,112.61,"{""embed"": 76.55, ""retrieve"": 30.31, ""rerank"": null, ""total"": 106.96}"
what are phish,124.07,"{""embed"": 87.2, ""retrieve"": 31.9, ""rerank"": null, ""total"": 119.18}"
what is information literacy,124.2,"{""embed"": 76.31, ""retrieve"": 42.33, ""rerank"": null, ""total"": 118.73}"
is the colon in the lower intestine,143.76,"{""embed"": 90.75, ""retrieve"": 47.4, ""rerank"": null, ""total"": 138.25}"
time change new zealand,101.07,"{""embed"": 65.94, ""retrieve"": 29.75, ""rerank"": null, ""total"": 95.78}"
meaning of conquest,116.1,"{""embed"": 66.59, ""retrieve"": 43.82, ""rerank"": null, ""total"": 110.5}"
what does body habitus mean,109.0,"{""embed"": 77.68, ""retrieve"": 25.71, ""rerank"": null, ""total"": 103.48}"
define traumatic,258.84,"{""embed"": 202.82, ""retrieve"": 50.22, ""rerank"": null, ""total"": 253.13}"
what are silicates?,114.01,"{""embed"": 79.35, ""retrieve"": 29.2, ""rerank"": null, ""total"": 108.64}"
what is a forcing cone,109.58,"{""embed"": 71.38, ""retrieve"": 32.09, ""rerank"": null, ""total"": 103.56}"
what are the risks associated with the use of nuclear energy,122.36,"{""embed"": 88.24, ""retrieve"": 28.93, ""rerank"": null, ""total"": 117.24}"
what county is honeoye in,128.22,"{""embed"": 68.61, ""retrieve"": 54.31, ""rerank"": null, ""total"": 123.02}"
different types of social security disability,108.53,"{""embed"": 72.31, ""retrieve"": 30.7, ""rerank"": null, ""total"": 103.1}"
benefits of a weaker dollar,104.07,"{""embed"": 65.64, ""retrieve"": 32.82, ""rerank"": null, ""total"": 98.56}"
what does france grow and produce,107.92,"{""embed"": 69.29, ""retrieve"": 32.99, ""rerank"": null, ""total"": 102.38}"
what is a limited fce?,134.13,"{""embed"": 78.73, ""retrieve"": 50.07, ""rerank"": null, ""total"": 128.88}"
what do zebras eat food,265.67,"{""embed"": 200.32, ""retrieve"": 59.97, ""rerank"": null, ""total"": 260.38}"
how long does it take to get SAT scores back?,129.18,"{""embed"": 80.11, ""retrieve"": 43.49, ""rerank"": null, ""total"": 123.83}"
what is als stand for and mean,134.95,"{""embed"": 79.29, ""retrieve"": 49.88, ""rerank"": null, ""total"": 129.27}"
what are the three shields on the buick insig,105.97,"{""embed"": 71.16, ""retrieve"": 29.52, ""rerank"": null, ""total"": 100.77}"
deport define,103.93,"{""embed"": 69.3, ""retrieve"": 29.67, ""rerank"": null, ""total"": 99.06}"
is the earth's magnetic field constant?,108.84,"{""embed"": 78.69, ""retrieve"": 25.17, ""rerank"": null, ""total"": 103.94}"
how pronounce tiguan,93.79,"{""embed"": 64.03, ""retrieve"": 24.99, ""rerank"": null, ""total"": 89.11}"
weather in austin texas in march,89.05,"{""embed"": 59.46, ""retrieve"": 24.53, ""rerank"": null, ""total"": 84.07}"
pink eye treatment how long,93.19,"{""embed"": 60.56, ""retrieve"": 27.69, ""rerank"": null, ""total"": 88.34}"
meaning of name denise,121.83,"{""embed"": 59.1, ""retrieve"": 57.91, ""rerank"": null, ""total"": 117.1}"
is oregano good for inflammation,116.48,"{""embed"": 61.48, ""retrieve"": 50.01, ""rerank"": null, ""total"": 111.57}"
what is bisaya cebuano,87.55,"{""embed"": 57.47, ""retrieve"": 25.26, ""rerank"": null, ""total"": 82.82}"
what distinguishes a macronutrient from a micronutrient,92.58,"{""embed"": 61.49, ""retrieve"": 26.38, ""rerank"": null, ""total"": 87.96}"
pa amending the mandatory judicial retirement age,90.95,"{""embed"": 58.13, ""retrieve"": 27.52, ""rerank"": null, ""total"": 85.74}"
is the fafsa pell grant estimate per semester or year,97.72,"{""embed"": 62.54, ""retrieve"": 30.08, ""rerank"": null, ""total"": 92.7}"
what is an mla writing format,92.26,"{""embed"": 61.8, ""retrieve"": 25.68, ""rerank"": null, ""total"": 87.56}"
gatwick airport pick up area,94.19,"{""embed"": 63.36, ""retrieve"": 25.63, ""rerank"": null, ""total"": 89.07}"
how to practice for your drivers test,123.69,"{""embed"": 59.87, ""retrieve"": 59.17, ""rerank"": null, ""total"": 119.13}"
what forms at an ocean-ocean convergent boundary,92.88,"{""embed"": 64.03, ""retrieve"": 23.77, ""rerank"": null, ""total"": 87.89}"
what casinos have rv parks?,106.65,"{""embed"": 64.23, ""retrieve"": 37.48, ""rerank"": null, ""total"": 101.8}"
what happens if you miss a vein shooting up,96.95,"{""embed"": 64.45, ""retrieve"": 27.55, ""rerank"": null, ""total"": 92.08}"
is latex paint considered hazardous waste,102.64,"{""embed"": 57.96, ""retrieve"": 39.44, ""rerank"": null, ""total"": 97.48}"
is the femoral neck part of the hip,100.57,"{""embed"": 59.66, ""retrieve"": 36.01, ""rerank"": null, ""total"": 95.76}"
the place beyond the pines cast,103.02,"{""embed"": 56.13, ""retrieve"": 42.4, ""rerank"": null, ""total"": 98.61}"
largest active military,117.72,"{""embed"": 56.64, ""retrieve"": 56.48, ""rerank"": null, ""total"": 113.21}"
"average january temps in mount pleasant, sc",92.14,"{""embed"": 63.5, ""retrieve"": 24.1, ""rerank"": null, ""total"": 87.67}"
145 kilos in stones and pounds,106.69,"{""embed"": 52.44, ""retrieve"": 49.65, ""rerank"": null, ""total"": 102.17}"
united states postal service roseburg or,88.3,"{""embed"": 58.36, ""retrieve"": 25.21, ""rerank"": null, ""total"": 83.65}"
what is a wifi leak sensor,111.62,"{""embed"": 53.44, ""retrieve"": 53.57, ""rerank"": null, ""total"": 107.09}"
is the femoral nerve a peripheral nerve,86.47,"{""embed"": 56.3, ""retrieve"": 25.18, ""rerank"": null, ""total"": 81.56}"
steering yoke definition,96.37,"{""embed"": 56.88, ""retrieve"": 34.91, ""rerank"": null, ""total"": 91.87}"
what do vacuoles and vesicles do,92.23,"{""embed"": 59.77, ""retrieve"": 27.25, ""rerank"": null, ""total"": 87.11}"
how long to bake whole speckled trout,91.14,"{""embed"": 62.46, ""retrieve"": 23.66, ""rerank"": null, ""total"": 86.21}"
what county is van nuys ca,134.7,"{""embed"": 59.3, ""retrieve"": 70.41, ""rerank"": null, ""total"": 129.8}"
what is an x ray photon,118.95,"{""embed"": 62.47, ""retrieve"": 50.68, ""rerank"": null, ""total"": 113.25}"
how to measure binder size,95.75,"{""embed"": 64.21, ""retrieve"": 26.04, ""rerank"": null, ""total"": 90.34}"
what does physical education mean,117.49,"{""embed"": 65.51, ""retrieve"": 46.17, ""rerank"": null, ""total"": 111.8}"
process theories of motivation suggest that,109.58,"{""embed"": 65.98, ""retrieve"": 39.44, ""rerank"": null, ""total"": 105.5}"
what are the most common geriatric illness,103.95,"{""embed"": 58.83, ""retrieve"": 40.65, ""rerank"": null, ""total"": 99.57}"
requirements to be able to use virtual machines,100.61,"{""embed"": 60.71, ""retrieve"": 34.76, ""rerank"": null, ""total"": 95.56}"
